Verein,n_jahre,2022,2023,2024,kontinuierlich_2224
"""Sounds Queer?"" Feministischer, queerer Verein zur Förderung elektronischer\nMusik",1,False,True,False,False
"""Ventil"" - Verein zur Freisetzung klanglicher Innovation und Dynamik Kurztitel:\nVenti",4,True,True,True,True
"""Vienna.ACTS"", Verein zur Förderung von Kunst",5,True,True,True,True
A M B I T U S – Gruppe für neue Musik,2,True,False,True,False
AMBITUS - Gruppe für neue Musik,1,False,False,True,False
AUGEND&ADDEND - Verein zur Förderung und Erweiterung transformativer\nKlangräume und queerer Clubkultur,3,True,True,True,True
Alexander Eberhard,2,True,True,False,False
"Althangrund - Verein für Kultur-, Wohn- und Sozialraum für Alle, Kurzform:\nAlthangrund für alle!",2,False,True,True,False
Antunes de Menezes Melissa,1,False,True,False,False
"Bestand - Verein zur Vermittlung und Förderung von Musik, Kunst und Kultur",3,False,False,True,False
Between Feathers,5,True,True,True,True
Central Garden,4,True,False,True,False
ECHOLOT - Kulturverein für transdisziplinäre Kunst & Artistic Research,1,False,False,True,False
Engelsharfen+Teufelsgeigen - Verein zur Förderung innovativer musikalischer und performativer Formate,1,False,False,True,False
"ExMachinisMusicae: Verein zur Förderung von transdisziplinärer, transkultureller\nund transmedialer Kunst",1,False,False,True,False
FAM Kulturverein,3,True,False,False,False
"Floating Sound Gallery Vienna, Verein zur Förderung von Kunst und Kultur",3,True,True,True,True
Hjalmar Al-Serori,2,False,True,True,False
IMPROPER WALLS – Kulturverein zur Förderung von Kunst und soziokulturellen Initiativen,1,True,False,False,False
Jazz & Musicclub Porgy & Bess,5,True,True,True,True
JazzWerkstatt Wien,1,False,False,True,False
Joanna Coleman (KEINPONNY),1,False,False,True,False
Jorge Eduardo Gomez,1,True,False,False,False
Klang.Kunst.Etage - Verein für experimentelle Musik und Kunstprojekte,3,True,True,True,True
Klangforum Wien,1,False,False,True,False
Klangmanifeste - Verein für Klang-/Kunst-/Formen,3,True,False,True,False
Kulturverein Free Music Forum mit dem Zusatz Forum für free Jazz & freie Improvisation,3,True,True,True,True
Kulturverein WERK,2,True,True,False,False
Kunst- und Kulturverein Akusmonautikum,1,False,False,True,False
Kunst- und Kulturverein Semmelweisklinik,3,False,False,True,False
Kunstverein KLANGWERK,1,False,False,True,False
Kunstverein das weisse haus,1,False,False,True,False
Little Rosies Improvisationsgruppe – Verein für musikalische Improvisation und Zeitgeist,1,True,False,False,False
MOOZAK - VEREIN FÜR EXPERIMENTELLE MUSIK,4,True,True,False,False
MusicScapes - Musik- & Kunstprojekte im gesellschaftlichen Kontext,1,False,False,True,False
On the Couch - zur Förderung von Kunst und Kultur in der Gesellschaft,3,False,False,True,False
"PARKEN, Verein zur Förderung experimenteller Musik im öffentlichem Raum",3,True,True,True,True
PHACE - Ensemble für neue Musik,5,True,True,True,True
Peer to Peer - Verein zur Förderung und Verbreitung experimenteller Musik  interdisziplinärer Kunstformate und Diskurs,1,False,False,False,False
Pia Maria Palme,1,False,False,True,False
Platypus - Verein für Neue Musik,3,True,True,True,True
RESONANCES+TRANSITIONS - VEREIN ZUR FÖRDERUNG UND VERBREITUNG INNOVATIVER KLÄNGE,2,False,False,False,False
RRRIOT - Verein zur Förderung und Vermittlung feministischen Kulturschaffens,4,True,True,True,True
Rantasa + Rantasa GmbH,4,False,True,True,False
Reboot Jazz - Verein zur Förderung der Weiterentwicklung des Jazz,1,False,False,True,False
Reconsil - Verein zur Förderung zeitgenössischer Musik,5,True,True,True,True
SAMA Kollektiv - Kunst & Kulturverein,3,True,True,True,True
SHIZZLE - Kunst- und Kulturverein,2,False,True,True,False
SISTERS - Verein für queer feministische Kunst und Kultur,5,True,True,True,True
STRUMA+IODINE - Verein zur Erweiterung musikalischer Erfahrungsräume,3,True,True,True,True
SUENA - Verein zur Förderung und Verbreitung neuer Musik,3,True,True,True,True
"Salam Oida - Verein zur Förderung von Vielfalt in Kunst und Kultur , kurz: Salam\nOida",1,False,False,False,False
Sandkasten Syndikat - Verein zur transkulturellen und interdisziplinären\nkünstlerischen Vernetzung und Kulturvermittlung,3,True,True,True,True
"Setzkasten, Verein und Werkstatt zur Förderung intermedialer Kunst",2,True,True,False,False
Studio Dan - Verein für Neue Musik,5,True,True,True,True
TONSPUR Kunstverein Wien,3,True,True,True,True
The Acousmatic Project - Verein zur Förderung Akusmatischer Musik,5,True,True,True,True
UNSAFE SOUNDS - Verein zur Verteidigung künstlerischer Grauzonen,3,True,True,True,True
Verein Kulturzentrum FLUCC,3,False,True,False,False
Verein Künstlergruppe DYNAMO,1,True,False,False,False
Verein für Kunstvermischung,3,True,True,True,True
Verein für elektroakustische Musik,2,True,False,True,False
Verein für elektroakustische Musik Kurztitel VELAK,5,True,True,True,True
"Verein für elektroakustische Musik, Kurztitel VELAK",1,False,True,False,False
Verein für experimentelle improvisierte Musik (VEIM),5,True,True,True,True
Verein für vegetabile Klangpraxis,1,False,True,False,False
Verein zur Erweiterung des kulturellen und künstlerischen Spektrums (VEKKS),2,False,False,False,False
Verein zur Förderung der Neuen Musik im Kirchenraum,5,True,True,True,True
Verein zur Förderung von Subkultur,3,True,True,True,True
Vincent Pongracz,5,True,True,True,True
"WUK - Verein zur Schaffung offener Kultur- und Werkstättenhäuser,\nKurzbezeichnung WUK Werkstätten- und Kulturhaus",1,False,False,False,False
"Wien Modern, Verein für neue Musik",4,True,True,True,True
XOK - Interessensgemeinschaft der experimentellen Musik- und Klangkunstszene\nWiens,2,False,False,True,False
andother stage - Verein für künstlerische Forschung und transdiszplinäre Kunst,1,True,False,False,False
czirp czirp - experimental and sonic arts. Verein zur Förderung Experimenteller und\nKlang-Kunst,5,True,True,True,True
echoraum Vereinigung zur Förderung der Kulturkommunikation,5,True,True,True,True
ensemble N - Verein und Ensemble für zeitgenössische Musik,3,False,True,False,False
id/l Agentur für Kunst und Kultur,4,True,True,False,False
liccht - kulturverein für nischenmusik und populärkultur,4,False,True,True,False
minciospace - Verein zur Förderung von künstlerischer Entwicklung unter besonderer Berücksichtigung gesellschaftsrelevanter Themen,1,False,True,False,False
minciospace Betriebs GmbH,2,False,True,True,False
"moment collective - Verein für experimentelle Musik, audio-visuelle und\nperformative Kuns",5,True,True,True,True
"punctum collective, Verein zur Förderung zeitgenössischer Musik und\ntransmedialer Kunstformate",4,False,True,True,False
"rhizome audioart association - Verein zur Verbreitung und Förderung\nzeitgenössischer Ton-, Klang-, Musik-, Geräusch- und Audiokunst sowie von\naudiovisuellen, medienkünstlerischen, bildenden, literarischen und anderen\nkünstlerischen Ausdrucksformen, die sich mit Klang und Musik auseinandersetzen",1,True,False,False,False
small forms - Verein zur Förderung und Verbreitung von zeitgenössischen Musikformen,5,True,True,True,True
snim - spontanes Netzwerk für improvisierte Musik,4,False,True,True,False
sp ce. Verein zur Förderung von Kunst und Transdisziplinarität,3,False,True,True,False
tonWerk - Forum für Neue Musik,2,False,True,True,False
Österreichische Gesellschaft für zeitgenössische Musik (ÖGZM),1,False,False,True,False
