Verein	Jahr	Betrag_EUR	Förderung_Bezirk	Projekttitel	Status	Quelle
Kunstverein KLANGWERK	2022	1900	1	Lanner bis Strauss, Glückliche NoMaden	Bestätigt	Kunst-, Kultur- und Wissenschaftsbericht 2022, Dezentrale Bezirkskulturförderungen
Kunstverein KLANGWERK	2022	700	2	„Die Klangkarawane am Ilgplatz“	Bestätigt	Kunst-, Kultur- und Wissenschaftsbericht 2022, Dezentrale Bezirkskulturförderungen
Kunstverein KLANGWERK	2022	1500	3	„KlangnoMaden am Rochusmarkt“	Bestätigt	Kunst-, Kultur- und Wissenschaftsbericht 2022, Dezentrale Bezirkskulturförderungen
Kunstverein KLANGWERK	2022	1500	4	Konzert „Mozart bis Schikaneder“	Bestätigt	Kunst-, Kultur- und Wissenschaftsbericht 2022, Dezentrale Bezirkskulturförderungen
Kunstverein KLANGWERK	2022	1600	5	NoMaden im Speck im Hundsturmpark	Bestätigt	Kunst-, Kultur- und Wissenschaftsbericht 2022, Dezentrale Bezirkskulturförderungen
Kunstverein KLANGWERK	2022	1000	7	Die Farbe der Töne	Bestätigt	Kunst-, Kultur- und Wissenschaftsbericht 2022, Dezentrale Bezirkskulturförderungen
Kunstverein KLANGWERK	2022	4800	8	Musikalische Momente in der Josefstadt 2022	Bestätigt	Kunst-, Kultur- und Wissenschaftsbericht 2022, Dezentrale Bezirkskulturförderungen
Kunstverein KLANGWERK	2022	2000	9	Lauschklang 2022	Bestätigt	Kunst-, Kultur- und Wissenschaftsbericht 2022, Dezentrale Bezirkskulturförderungen
Kunstverein KLANGWERK	2022	1500	10	NoMaden im Gleichschritt	Bestätigt	Kunst-, Kultur- und Wissenschaftsbericht 2022, Dezentrale Bezirkskulturförderungen
Kunstverein KLANGWERK	2022	2200	12	Tönende NoMaden	Bestätigt	Kunst-, Kultur- und Wissenschaftsbericht 2022, Dezentrale Bezirkskulturförderungen
Kunstverein KLANGWERK	2022	800	16	NoMaden der Vielfalt, Die Klangkarawane am Yppenplatz	Bestätigt	Kunst-, Kultur- und Wissenschaftsbericht 2022, Dezentrale Bezirkskulturförderungen
Kunstverein KLANGWERK	2022	1000	17	Die TraumnoMaden am Alszeilenmarkt	Bestätigt	Kunst-, Kultur- und Wissenschaftsbericht 2022, Dezentrale Bezirkskulturförderungen
Kunstverein KLANGWERK	2022	2200	18	NoMaden des Seins am Kutschkermarkt	Bestätigt	Kunst-, Kultur- und Wissenschaftsbericht 2022, Dezentrale Bezirkskulturförderungen
Kunstverein KLANGWERK	2022	500	19	NoMaden des Seins in Grinzing	Bestätigt	Kunst-, Kultur- und Wissenschaftsbericht 2022, Dezentrale Bezirkskulturförderungen
Kunstverein KLANGWERK	2022	1600	20	Die SeinsnoMaden am Hannovermarkt	Bestätigt	Kunst-, Kultur- und Wissenschaftsbericht 2022, Dezentrale Bezirkskulturförderungen
Kunstverein KLANGWERK	2023	700	2	„Die Klangkarawane am Ilgplatz“	Bestätigt	Kunst-, Kultur- und Wissenschaftsbericht 2023, Dezentrale Bezirkskulturförderungen
Kunstverein KLANGWERK	2023	1500	3	„KlangnoMaden am Rochusmarkt“	Bestätigt	Kunst-, Kultur- und Wissenschaftsbericht 2023, Dezentrale Bezirkskulturförderungen
Kunstverein KLANGWERK	2023	1500	4	Konzert, Tanz & Aktionkunst „Mozart bis Schikaneder“	Bestätigt	Kunst-, Kultur- und Wissenschaftsbericht 2023, Dezentrale Bezirkskulturförderungen
Kunstverein KLANGWERK	2023	1400	5	NoMaden im Speck – Die Klangkarawane im Hundsturmpark	Bestätigt	Kunst-, Kultur- und Wissenschaftsbericht 2023, Dezentrale Bezirkskulturförderungen
Kunstverein KLANGWERK	2023	1000	7	Die Farbe der Töne – Musik & Tanz am Spittelberg	Bestätigt	Kunst-, Kultur- und Wissenschaftsbericht 2023, Dezentrale Bezirkskulturförderungen
Kunstverein KLANGWERK	2023	4200	8	Musikalische Momente in der Josefstadt	Bestätigt	Kunst-, Kultur- und Wissenschaftsbericht 2023, Dezentrale Bezirkskulturförderungen
Kunstverein KLANGWERK	2023	3000	9	"NoMaden der Vielfalt am Sobieskiplatz
 | Lauschklang 2023"	Bestätigt	Kunst-, Kultur- und Wissenschaftsbericht 2023, Dezentrale Bezirkskulturförderungen
Kunstverein KLANGWERK	2023	1500	10	Klingender Wasserturm – Konzert & Wasser – Klang-Installation 	Bestätigt	Kunst-, Kultur- und Wissenschaftsbericht 2023, Dezentrale Bezirkskulturförderungen
Kunstverein KLANGWERK	2023	2200	12	"Konzert, Tanz & Aktionskunst
"	Bestätigt	Kunst-, Kultur- und Wissenschaftsbericht 2023, Dezentrale Bezirkskulturförderungen
Kunstverein KLANGWERK	2023	800	16	NoMaden in Gleichschrift	Bestätigt	Kunst-, Kultur- und Wissenschaftsbericht 2023, Dezentrale Bezirkskulturförderungen
Kunstverein KLANGWERK	2023	1000	17	Die TraumNoMaden am Alszeilenmarkt	Bestätigt	Kunst-, Kultur- und Wissenschaftsbericht 2023, Dezentrale Bezirkskulturförderungen
Kunstverein KLANGWERK	2023	500	19	NoMaden des Seins in Grinzing – Musik & Tanz beim Heurigen	Bestätigt	Kunst-, Kultur- und Wissenschaftsbericht 2023, Dezentrale Bezirkskulturförderungen
Kunstverein KLANGWERK	2023	1600	20	Die SeinsnoMaden am Hannovermarkt	Bestätigt	Kunst-, Kultur- und Wissenschaftsbericht 2023, Dezentrale Bezirkskulturförderungen
Kunstverein KLANGWERK	2024	1500	1	Frühlings-Stimmen	Bestätigt	Kunst-, Kultur- und Wissenschaftsbericht 2024, Dezentrale Bezirkskulturförderungen
Kunstverein KLANGWERK	2024	900	2	Die Klangkarawane am Ilgplatz	Bestätigt	Kunst-, Kultur- und Wissenschaftsbericht 2024, Dezentrale Bezirkskulturförderungen
Kunstverein KLANGWERK	2024	1800	3	Die KlangNoMaden am Rochusmarkt	Bestätigt	Kunst-, Kultur- und Wissenschaftsbericht 2024, Dezentrale Bezirkskulturförderungen
Kunstverein KLANGWERK	2024	2000	4	Konzert „Mozart bis Schikaneder“	Bestätigt	Kunst-, Kultur- und Wissenschaftsbericht 2024, Dezentrale Bezirkskulturförderungen
Kunstverein KLANGWERK	2024	1500	5	NoMaden im Speck	Bestätigt	Kunst-, Kultur- und Wissenschaftsbericht 2024, Dezentrale Bezirkskulturförderungen
Kunstverein KLANGWERK	2024	1000	7	Die Farbe der Töne 	Bestätigt	Kunst-, Kultur- und Wissenschaftsbericht 2024, Dezentrale Bezirkskulturförderungen
Kunstverein KLANGWERK	2024	3500	8	Musikalische Momente in der Josefstadt	Bestätigt	Kunst-, Kultur- und Wissenschaftsbericht 2024, Dezentrale Bezirkskulturförderungen
Kunstverein KLANGWERK	2024	2500	9	"Lauschklang 2024
| NoMaden der Vielfalt am Spittelauer Platz

"	Bestätigt	Kunst-, Kultur- und Wissenschaftsbericht 2024, Dezentrale Bezirkskulturförderungen
Kunstverein KLANGWERK	2024	1500	10	Klingender Wasserturm	Bestätigt	Kunst-, Kultur- und Wissenschaftsbericht 2024, Dezentrale Bezirkskulturförderungen
Kunstverein KLANGWERK	2024	1500	12	Tönende NoMaden	Bestätigt	Kunst-, Kultur- und Wissenschaftsbericht 2024, Dezentrale Bezirkskulturförderungen
Kunstverein KLANGWERK	2024	800	16	NoMaden im Gleichschritt	Bestätigt	Kunst-, Kultur- und Wissenschaftsbericht 2024, Dezentrale Bezirkskulturförderungen
Kunstverein KLANGWERK	2024	1000	17	Die TraumNoMaden am Alszeilenmarkt	Bestätigt	Kunst-, Kultur- und Wissenschaftsbericht 2024, Dezentrale Bezirkskulturförderungen
Kunstverein KLANGWERK	2024	1500	18	NoMaden des Seins	Bestätigt	Kunst-, Kultur- und Wissenschaftsbericht 2024, Dezentrale Bezirkskulturförderungen
Kunstverein KLANGWERK	2024	500	19	TUWienerische Gesänge	Bestätigt	Kunst-, Kultur- und Wissenschaftsbericht 2024, Dezentrale Bezirkskulturförderungen
Kunstverein KLANGWERK	2024	1800	20	Die SeinsNoMaden am Hannovermarkt	Bestätigt	Kunst-, Kultur- und Wissenschaftsbericht 2024, Dezentrale Bezirkskulturförderungen
Kunstverein KLANGWERK	2025	21300	[nicht dokumentiert]	[nicht dokumentiert]	Bestätigt	Transparenzportal IFG 2025
Kunstverein KLANGWERK	2026	16800	[nicht dokumentiert]	[nicht dokumentiert]	Bestätigt	Transparenzportal IFG 2026
WUK - Verein zur Schaffung offener Kultur- und Werkstättenhäuser, Kurzbezeichnung WUK Werkstätten- und Kulturhaus	2022	900	9	Abenteuer im Koffer	Bestätigt	Kunst-, Kultur- und Wissenschaftsbericht 2022, Dezentrale Bezirkskulturförderungen
WUK - Verein zur Schaffung offener Kultur- und Werkstättenhäuser, Kurzbezeichnung WUK Werkstätten- und Kulturhaus	2023	1800	9	Common Ground Severingasse	Bestätigt	Kunst-, Kultur- und Wissenschaftsbericht 2023, Dezentrale Bezirkskulturförderungen
Althangrund - Verein für Kultur-, Wohn- und Sozialraum für Alle, Kurzform: Althangrund für alle!	2022	2800	9	Althangrund für Alle – ein kurzer Sommer der Utopie	Bestätigt	Kunst-, Kultur- und Wissenschaftsbericht 2022, Dezentrale Bezirkskulturförderungen
Althangrund - Verein für Kultur-, Wohn- und Sozialraum für Alle, Kurzform: Althangrund für alle!	2023	1600	9	Kulturzentrum für Alle	Bestätigt	Kunst-, Kultur- und Wissenschaftsbericht 2023, Dezentrale Bezirkskulturförderungen
Althangrund - Verein für Kultur-, Wohn- und Sozialraum für Alle, Kurzform: Althangrund für alle!	2024	1500	9	Kultursommer 4 Alle – Alsergrunder Kultursommer 2024	Bestätigt	Kunst-, Kultur- und Wissenschaftsbericht 2024, Dezentrale Bezirkskulturförderungen
Althangrund - Verein für Kultur-, Wohn- und Sozialraum für Alle, Kurzform: Althangrund für alle!	2025	2000	[nicht dokumentiert]	[nicht dokumentiert]	Bestätigt	Transparenzportal IFG 2025
Althangrund - Verein für Kultur-, Wohn- und Sozialraum für Alle, Kurzform: Althangrund für alle!	2026	1500	[nicht dokumentiert]	[nicht dokumentiert]	Bestätigt	Transparenzportal IFG 2026
Central Garden	2022	1000	2	Kanal #41.2	Bestätigt	Kunst-, Kultur- und Wissenschaftsbericht 2022, Dezentrale Bezirkskulturförderungen
Central Garden	2023	1500	2	Little Donau III	Bestätigt	Kunst-, Kultur- und Wissenschaftsbericht 2023, Dezentrale Bezirkskulturförderungen
ECHOLOT - Kulturverein für transdisziplinäre Kunst & Artistic Research	2022	3000	10	Jahresprogramm 2022	Bestätigt	Kunst-, Kultur- und Wissenschaftsbericht 2022, Dezentrale Bezirkskulturförderungen
ECHOLOT - Kulturverein für transdisziplinäre Kunst & Artistic Research	2023	6000	10	Jahresprogramm	Bestätigt	Kunst-, Kultur- und Wissenschaftsbericht 2023, Dezentrale Bezirkskulturförderungen
ECHOLOT - Kulturverein für transdisziplinäre Kunst & Artistic Research	2023	400	2	Mondmeer & Marguerite 	Bestätigt	Kunst-, Kultur- und Wissenschaftsbericht 2023, Dezentrale Bezirkskulturförderungen
ECHOLOT - Kulturverein für transdisziplinäre Kunst & Artistic Research	2024	8000	10	Jahresprogramm 2024	Bestätigt	Kunst-, Kultur- und Wissenschaftsbericht 2024, Dezentrale Bezirkskulturförderungen
ECHOLOT - Kulturverein für transdisziplinäre Kunst & Artistic Research	2025	8000	[nicht dokumentiert]	[nicht dokumentiert]	Bestätigt	Transparenzportal IFG 2025
ECHOLOT - Kulturverein für transdisziplinäre Kunst & Artistic Research	2025	28000	[nicht dokumentiert]	[nicht dokumentiert]	Bestätigt	Transparenzportal IFG 2025
ExMachinisMusicae: Verein zur Förderung von transdisziplinärer, transkultureller und transmedialer Kunst	2024	1000	18	EMM an der Hohen Wand	Bestätigt	Kunst-, Kultur- und Wissenschaftsbericht 2024, Dezentrale Bezirkskulturförderungen
Kulturverein Free Music Forum mit dem Zusatz Forum für free Jazz & freie Improvisation	2022	1500	5	Free Music Forum	Bestätigt	Kunst-, Kultur- und Wissenschaftsbericht 2022, Dezentrale Bezirkskulturförderungen
Kulturverein Free Music Forum mit dem Zusatz Forum für free Jazz & freie Improvisation	2023	1500	5	free music forum Konzertreihe 2023	Bestätigt	Kunst-, Kultur- und Wissenschaftsbericht 2023, Dezentrale Bezirkskulturförderungen
Kulturverein Free Music Forum mit dem Zusatz Forum für free Jazz & freie Improvisation	2024	1800	5	free music forum Konzertreihe 2024	Bestätigt	Kunst-, Kultur- und Wissenschaftsbericht 2024, Dezentrale Bezirkskulturförderungen
IMPROPER WALLS – Kulturverein zur Förderung von Kunst und soziokulturellen Initiativen	2022	4000	15	Jahresprogramm 2022	Bestätigt	Kunst-, Kultur- und Wissenschaftsbericht 2022, Dezentrale Bezirkskulturförderungen
IMPROPER WALLS – Kulturverein zur Förderung von Kunst und soziokulturellen Initiativen	2023	4000	15	Jahresprogramm 2023	Bestätigt	Kunst-, Kultur- und Wissenschaftsbericht 2023, Dezentrale Bezirkskulturförderungen
IMPROPER WALLS – Kulturverein zur Förderung von Kunst und soziokulturellen Initiativen	2024	3000	15	Jahresprogramm 2024	Bestätigt	Kunst-, Kultur- und Wissenschaftsbericht 2024, Dezentrale Bezirkskulturförderungen
IMPROPER WALLS – Kulturverein zur Förderung von Kunst und soziokulturellen Initiativen	2025	3500	[nicht dokumentiert]	[nicht dokumentiert]	Bestätigt	Transparenzportal IFG 2025
JazzWerkstatt Wien	2024	500	9	ALL THE THINGS YOU ARE	Bestätigt	Kunst-, Kultur- und Wissenschaftsbericht 2024, Dezentrale Bezirkskulturförderungen
Klangmanifeste - Verein für Klang-/Kunst-/Formen	2022	1000	15	Klangmanifeste 2022	Bestätigt	Kunst-, Kultur- und Wissenschaftsbericht 2022, Dezentrale Bezirkskulturförderungen
Klangmanifeste - Verein für Klang-/Kunst-/Formen	2024	1000	15	Klangmanifeste 2024	Bestätigt	Kunst-, Kultur- und Wissenschaftsbericht 2024, Dezentrale Bezirkskulturförderungen
Kulturverein WERK	2022	5000	9	KulturTerrasse WERK	Bestätigt	Kunst-, Kultur- und Wissenschaftsbericht 2022, Dezentrale Bezirkskulturförderungen
Kulturverein WERK	2023	5000	9	KulturTerrasse WERK	Bestätigt	Kunst-, Kultur- und Wissenschaftsbericht 2023, Dezentrale Bezirkskulturförderungen
Kunst- und Kulturverein Semmelweisklinik	2022	10000	18	Kunst- und Kulturzentrum Semmelweisklinik	Bestätigt	Kunst-, Kultur- und Wissenschaftsbericht 2022, Dezentrale Bezirkskulturförderungen
Kunst- und Kulturverein Semmelweisklinik	2023	600	18	Freitags in der Klinik – Westafrika Spezial	Bestätigt	Kunst-, Kultur- und Wissenschaftsbericht 2023, Dezentrale Bezirkskulturförderungen
Kunst- und Kulturverein Semmelweisklinik	2024	10000	18	Kunst- und Kulturzentrum Semmelweisklinik	Bestätigt	Kunst-, Kultur- und Wissenschaftsbericht 2024, Dezentrale Bezirkskulturförderungen
Kunst- und Kulturverein Semmelweisklinik	2025	11000	[nicht dokumentiert]	Kunst- und Kulturzentrum Semmelweisklinik	Bestätigt	Transparenzportal IFG 2025
Kunst- und Kulturverein Semmelweisklinik	2026	11000	[nicht dokumentiert]	Kunst- und Kulturzentrum Semmelweisklinik	Bestätigt	Transparenzportal IFG 2026
minciospace Betriebs GmbH	2023	2000	15	"Ausstellung re:construct society | Jahresprogramm, Konzert „The Dirt of Easter Island – Werk für eine bessere Weltsicht
"	Bestätigt	Kunst-, Kultur- und Wissenschaftsbericht 2023, Dezentrale Bezirkskulturförderungen
minciospace Betriebs GmbH	2024	7500	15	community echoes (3 Projekte)	Bestätigt	Kunst-, Kultur- und Wissenschaftsbericht 2024, Dezentrale Bezirkskulturförderungen
minciospace Betriebs GmbH	2026	6000	[nicht dokumentiert]	[nicht dokumentiert]	Bestätigt	Transparenzportal IFG 2026
On the Couch - zur Förderung von Kunst und Kultur in der Gesellschaft	2023	2000	3	Studiokonzerte 2023	Bestätigt	Kunst-, Kultur- und Wissenschaftsbericht 2023, Dezentrale Bezirkskulturförderungen
On the Couch - zur Förderung von Kunst und Kultur in der Gesellschaft	2024	2500	3	Studiokonzerte 2024	Bestätigt	Kunst-, Kultur- und Wissenschaftsbericht 2024, Dezentrale Bezirkskulturförderungen
Rantasa + Rantasa GmbH	2023	2000	16	Islands of Resilience / URBION Gürtel 2050	Bestätigt	Kunst-, Kultur- und Wissenschaftsbericht 2023, Dezentrale Bezirkskulturförderungen
SHIZZLE - Kunst- und Kulturverein	2022	8000	17	FORUM KULTURNETZ HERNALS	Bestätigt	Kunst-, Kultur- und Wissenschaftsbericht 2022, Dezentrale Bezirkskulturförderungen
SHIZZLE - Kunst- und Kulturverein	2023	8000	17	FORUM KULTURNETZ HERNALS	Bestätigt	Kunst-, Kultur- und Wissenschaftsbericht 2023, Dezentrale Bezirkskulturförderungen
SHIZZLE - Kunst- und Kulturverein	2024	8000	17	FORUM KULTURNETZ HERNALS	Bestätigt	Kunst-, Kultur- und Wissenschaftsbericht 2024, Dezentrale Bezirkskulturförderungen
Sandkasten Syndikat - Verein zur transkulturellen und interdisziplinären künstlerischen Vernetzung und Kulturvermittlung	2023	500	17	AUF WIEDER SEHEN	Bestätigt	Kunst-, Kultur- und Wissenschaftsbericht 2023, Dezentrale Bezirkskulturförderungen
Sandkasten Syndikat - Verein zur transkulturellen und interdisziplinären künstlerischen Vernetzung und Kulturvermittlung	2024	1300	18	PIRATE CULTURES	Bestätigt	Kunst-, Kultur- und Wissenschaftsbericht 2024, Dezentrale Bezirkskulturförderungen
TONSPUR Kunstverein Wien	2022	2000	2	STREAMERS - a COVID Sculpture LIVE	Bestätigt	Kunst-, Kultur- und Wissenschaftsbericht 2022, Dezentrale Bezirkskulturförderungen
TONSPUR Kunstverein Wien	2023	1000	4	Multimedia: Literarische Tonspur in der Ingeborg-Bachmann-Kuppel am Karlsplatz	Bestätigt	Kunst-, Kultur- und Wissenschaftsbericht 2023, Dezentrale Bezirkskulturförderungen
UNSAFE SOUNDS - Verein zur Verteidigung künstlerischer Grauzonen	2023	1500	16	Unsafe+Sounds Festival 2023	Bestätigt	Kunst-, Kultur- und Wissenschaftsbericht 2023, Dezentrale Bezirkskulturförderungen
UNSAFE SOUNDS - Verein zur Verteidigung künstlerischer Grauzonen	2023	2000	3	Unsafe+Sounds Festival 2023	Bestätigt	Kunst-, Kultur- und Wissenschaftsbericht 2023, Dezentrale Bezirkskulturförderungen
Verein für Kunstvermischung	2022	2000	7	Der blöde dritte Mittwoch im Ateliertheater	Bestätigt (Abgleich mit bestehendem Programm)	Kunst-, Kultur- und Wissenschaftsbericht 2022, Dezentrale Bezirkskulturförderungen
Verein zur Förderung von Subkultur	2023	1000	14	Salon skug auf Rädern	Bestätigt	Kunst-, Kultur- und Wissenschaftsbericht 2023, Dezentrale Bezirkskulturförderungen
Verein zur Förderung von Subkultur	2024	1500	14	Salon skug auf Rädern	Bestätigt	Kunst-, Kultur- und Wissenschaftsbericht 2024, Dezentrale Bezirkskulturförderungen
czirp czirp - experimental and sonic arts. Verein zur Förderung Experimenteller und Klang-Kunst	2022	1600	16	CLUB RADIOKOJE 2022 „bodies of water“ /„#radioresistance“ | MEDIA AND SOUND POOL @kongreßbad	Bestätigt	Kunst-, Kultur- und Wissenschaftsbericht 2022, Dezentrale Bezirkskulturförderungen
czirp czirp - experimental and sonic arts. Verein zur Förderung Experimenteller und Klang-Kunst	2023	800	16	CLUB RADIOKOJE I HOLDING BREATH	Bestätigt	Kunst-, Kultur- und Wissenschaftsbericht 2023, Dezentrale Bezirkskulturförderungen
czirp czirp - experimental and sonic arts. Verein zur Förderung Experimenteller und Klang-Kunst	2023	1000	8	SONIC CELL Mobile Mehr-Kanal-Klangzeile zur Vermittlung elektronischer Musik	Bestätigt (zeilenweise gegen KKW-Quelle verifiziert, 6. Juli)	Kunst-, Kultur- und Wissenschaftsbericht 2023, Dezentrale Bezirkskulturförderungen
czirp czirp - experimental and sonic arts. Verein zur Förderung Experimenteller und Klang-Kunst	2024	1000	16	CLUB RADIOKOJE Machbare Utopien	Bestätigt (zeilenweise gegen KKW-Quelle verifiziert, 6. Juli)	Kunst-, Kultur- und Wissenschaftsbericht 2024, Dezentrale Bezirkskulturförderungen
czirp czirp - experimental and sonic arts. Verein zur Förderung Experimenteller und Klang-Kunst	2024	2400	8	KLANGCHAIN 	Bestätigt	Kunst-, Kultur- und Wissenschaftsbericht 2024, Dezentrale Bezirkskulturförderungen
czirp czirp - experimental and sonic arts. Verein zur Förderung Experimenteller und Klang-Kunst	2025	2900	[nicht dokumentiert]	[nicht dokumentiert]	Bestätigt	Transparenzportal IFG 2025, Förderung von Einzelvorhaben und Jahrestätigkeiten im Bereich der Bezirkskulturförderung
ExMachinisMusicae: Verein zur Förderung von transdisziplinärer, transkultureller und transmedialer Kunst	2025	1800	[nicht dokumentiert]	[nicht dokumentiert]	Bestätigt	Transparenzportal IFG 2025, Förderung von Einzelvorhaben und Jahrestätigkeiten im Bereich der Bezirkskulturförderung
Kulturverein WERK	2025	3500	[nicht dokumentiert]	[nicht dokumentiert]	Bestätigt	Transparenzportal IFG 2025, Förderung von Einzelvorhaben und Jahrestätigkeiten im Bereich der Bezirkskulturförderung
Central Garden	2025	4000	[nicht dokumentiert]	[nicht dokumentiert]	Bestätigt	Transparenzportal IFG 2025, Förderung von Einzelvorhaben und Jahrestätigkeiten im Bereich der Bezirkskulturförderung
FAM Kulturverein	2025	1500	[nicht dokumentiert]	[nicht dokumentiert]	Bestätigt	Transparenzportal IFG 2025, Förderung von Einzelvorhaben und Jahrestätigkeiten im Bereich der Bezirkskulturförderung
On the Couch - zur Förderung von Kunst und Kultur in der Gesellschaft	2025	3000	[nicht dokumentiert]	[nicht dokumentiert]	Bestätigt	Transparenzportal IFG 2025, Förderung von Einzelvorhaben und Jahrestätigkeiten im Bereich der Bezirkskulturförderung
czirp czirp - experimental and sonic arts. Verein zur Förderung Experimenteller und Klang-Kunst	2025	2900	[nicht dokumentiert]	[nicht dokumentiert]	Bestätigt	Transparenzportal IFG 2025, Förderung von Einzelvorhaben und Jahrestätigkeiten im Bereich der Bezirkskulturförderung
Verein zur Förderung der Neuen Musik im Kirchenraum	2025	3000	[nicht dokumentiert]	[nicht dokumentiert]	Bestätigt	Transparenzportal IFG 2025, Förderung von Einzelvorhaben und Jahrestätigkeiten im Bereich der Bezirkskulturförderung
Verein zur Förderung der Neuen Musik im Kirchenraum	2022	1500	1	Neue Musik in St. Ruprecht 2022	Bestätigt	Kunst-, Kultur- und Wissenschaftsbericht 2022, Dezentrale Bezirkskulturförderungen
Verein zur Förderung der Neuen Musik im Kirchenraum	2023	1000	1	Neue Musik in St. Ruprecht 2023	Bestätigt	Kunst-, Kultur- und Wissenschaftsbericht 2023, Dezentrale Bezirkskulturförderungen
Verein zur Förderung der Neuen Musik im Kirchenraum	2024	1500	1	Neue Musik in St. Ruprecht	Bestätigt	Kunst-, Kultur- und Wissenschaftsbericht 2024, Dezentrale Bezirkskulturförderungen
punctum collective, Verein zur Förderung zeitgenössischer Musik und transmedialer Kunstformate	2025	1500	[nicht dokumentiert]	Bezirkskulturförderung	Bestätigt	Transparenzportal IFG 2025
punctum collective, Verein zur Förderung zeitgenössischer Musik und transmedialer Kunstformate	2023	1500	15	Konzert „All that matters II“	Bestätigt	Kunst-, Kultur- und Wissenschaftsbericht 2023, Dezentrale Bezirkskulturförderungen
id/l Agentur für Kunst und Kultur	2025	5900	[nicht dokumentiert]	Bezirkskulturförderung	Bestätigt	Transparenzportal IFG 2025
id/l Agentur für Kunst und Kultur	2022	6500	22	Sonic Territories Festival 2022	Bestätigt	Kunst-, Kultur- und Wissenschaftsbericht 2022, Dezentrale Bezirkskulturförderungen
id/l Agentur für Kunst und Kultur	2024	800	18	Sonic Territories 2024 – Sound Art / Performance-Programm	Bestätigt	Kunst-, Kultur- und Wissenschaftsbericht 2024, Dezentrale Bezirkskulturförderungen
id/l Agentur für Kunst und Kultur	2023	3000	15	"Ausstellung, Multimedia „The things that get lost – Eine Sound- und Videoinstallation von Lens Kühleitner“
"	Bestätigt	Kunst-, Kultur- und Wissenschaftsbericht 2023, Dezentrale Bezirkskulturförderungen
id/l Agentur für Kunst und Kultur	2023	1000	17	Symbiotic Love (Sonic Territories Festival)	Bestätigt	Kunst-, Kultur- und Wissenschaftsbericht 2023, Dezentrale Bezirkskulturförderungen
id/l Agentur für Kunst und Kultur	2023	5000	22	Sonic Territories 2023	Bestätigt	Kunst-, Kultur- und Wissenschaftsbericht 2023, Dezentrale Bezirkskulturförderungen
id/l Agentur für Kunst und Kultur	2023	800	22	Konzerte im Teppichgeschäft	Bestätigt	Kunst-, Kultur- und Wissenschaftsbericht 2023, Dezentrale Bezirkskulturförderungen
echoraum Vereinigung zur Förderung der Kulturkommunikation	2025	3500	[nicht dokumentiert]	[nicht dokumentiert]	Bestätigt	Transparenzportal IFG 2025
Kulturverein Free Music Forum mit dem Zusatz Forum für free Jazz & freie Improvisation	2026	1800	[nicht dokumentiert]	[nicht dokumentiert]	Bestätigt	Transparenzportal IFG 2026
SHIZZLE - Kunst- und Kulturverein	2024	8000	17	[nicht dokumentiert]	Bestätigt	Kunst-, Kultur- und Wissenschaftsbericht 2024, Dezentrale Bezirkskulturförderungen
On the Couch - zur Förderung von Kunst und Kultur in der Gesellschaft	2026	1500	[nicht dokumentiert]	[nicht dokumentiert]	Bestätigt	Transparenzportal IFG 2026
Kulturverein WERK	2026	3500	[nicht dokumentiert]	[nicht dokumentiert]	Bestätigt	Transparenzportal IFG 2026
Floating Sound Gallery Vienna, Verein zur Förderung von Kunst und Kultur	2024	1000	9	"Circuit Fantôme Prélude
"	Bestätigt	Kunst-, Kultur- und Wissenschaftsbericht 2024, Dezentrale Bezirkskulturförderungen
Kunst- und Kulturverein Akusmonautikum	2024	1200	5	Akusmonautik 2024	Bestätigt	Kunst-, Kultur- und Wissenschaftsbericht 2024, Dezentrale Bezirkskulturförderungen
Kunst- und Kulturverein Akusmonautikum	2024	2500	8	Akusmonautik 2024	Bestätigt	Kunst-, Kultur- und Wissenschaftsbericht 2024, Dezentrale Bezirkskulturförderungen
Kunst- und Kulturverein Akusmonautikum	2024	1750	23	Akusmonautik 2024	Bestätigt	Kunst-, Kultur- und Wissenschaftsbericht 2024, Dezentrale Bezirkskulturförderungen
Little Rosies Improvisationsgruppe – Verein für musikalische Improvisation und Zeitgeist	2024	500	17	DER KLANG DER STADT mit Sarah Jung und Texten von Christine Nöstlinger	Bestätigt	Kunst-, Kultur- und Wissenschaftsbericht 2024, Dezentrale Bezirkskulturförderungen
Little Rosies Improvisationsgruppe – Verein für musikalische Improvisation und Zeitgeist	2024	2000	14	DER KLANG DES MÜLLS mit Götz Bury und seinen Instrumenten	Bestätigt	Kunst-, Kultur- und Wissenschaftsbericht 2024, Dezentrale Bezirkskulturförderungen
Little Rosies Improvisationsgruppe – Verein für musikalische Improvisation und Zeitgeist	2024	2500	15	Klänge des Alltags – „OUTREACH“	Bestätigt	Kunst-, Kultur- und Wissenschaftsbericht 2024, Dezentrale Bezirkskulturförderungen
Pia Maria Palme	2024	500	16	MUSIC AFTER NATURE	Bestätigt	Kunst-, Kultur- und Wissenschaftsbericht 2024, Dezentrale Bezirkskulturförderungen
Pia Maria Palme	2024	500	19	OR IS IT MICROBIOLOGY	Bestätigt	Kunst-, Kultur- und Wissenschaftsbericht 2024, Dezentrale Bezirkskulturförderungen
SISTERS - Verein für queer feministische Kunst und Kultur	2023	1500	2	"SISTERS+ Club Night @ VISIBILITY & SPACE für QUEER PEOPLE
"	Bestätigt	Kunst-, Kultur- und Wissenschaftsbericht 2023, Dezentrale Bezirkskulturförderungen
Studio Dan - Verein für Neue Musik	2022	1500	20	FEMINE – Eine musikalisch-choreografische Intervention im Außenraum mit Studio Dan in Kooperation mit Impulstanz	Bestätigt	Kunst-, Kultur- und Wissenschaftsbericht 2022, Dezentrale Bezirkskulturförderungen
SUENA - Verein zur Förderung und Verbreitung neuer Musik	2023	500	9	SUENA FESTIVAL für zeitgenössische iberoamerikanische Musik 2023	Bestätigt	Kunst-, Kultur- und Wissenschaftsbericht 2023, Dezentrale Bezirkskulturförderungen
tonWerk - Forum für Neue Musik	2023	1000	13	Hietzinger Schlosskonzert	Bestätigt	Kunst-, Kultur- und Wissenschaftsbericht 2023, Dezentrale Bezirkskulturförderungen
tonWerk - Forum für Neue Musik	2023	1500	13	Hietzinger Konzerte	Bestätigt	Kunst-, Kultur- und Wissenschaftsbericht 2023, Dezentrale Bezirkskulturförderungen
tonWerk - Forum für Neue Musik	2022	1500	13	Hietzinger Museumskonzerte	Bestätigt	Kunst-, Kultur- und Wissenschaftsbericht 2022, Dezentrale Bezirkskulturförderungen
tonWerk - Forum für Neue Musik	2023	800	14	Penzinger Museumskonzerte	Bestätigt	Kunst-, Kultur- und Wissenschaftsbericht 2022, Dezentrale Bezirkskulturförderungen
tonWerk - Forum für Neue Musik	2022	800	14	Penzinger Museumskonzerte 22	Bestätigt	Kunst-, Kultur- und Wissenschaftsbericht 2022, Dezentrale Bezirkskulturförderungen
tonWerk - Forum für Neue Musik	2022	1500	18	Währinger Hausmusik 22	Bestätigt	Kunst-, Kultur- und Wissenschaftsbericht 2022, Dezentrale Bezirkskulturförderungen
Verein für experimentelle improvisierte Musik (VEIM)	2022	1084.59	5	Monday Improvisers Session	Bestätigt	Kunst-, Kultur- und Wissenschaftsbericht 2022, Dezentrale Bezirkskulturförderungen
Verein für experimentelle improvisierte Musik (VEIM)	2023	600	5	Konzert „Monday Improvisers Session“	Bestätigt	Kunst-, Kultur- und Wissenschaftsbericht 2023, Dezentrale Bezirkskulturförderungen
Vincent Pongracz	2022	3000	8	Synesthetic Wednesday	Bestätigt	Kunst-, Kultur- und Wissenschaftsbericht 2022, Dezentrale Bezirkskulturförderungen
Vincent Pongracz	2024	3000	16	Synesthetic Wednesday	Bestätigt	Kunst-, Kultur- und Wissenschaftsbericht 2024, Dezentrale Bezirkskulturförderungen
ARGE Komponistenforum Mittersill	2023	1300	5	VOICES – STIMMEN, Abschlusskonzert des 26. Komponist*innenforum Mittersill in Wien	Bestätigt	Kunst-, Kultur- und Wissenschaftsbericht der Stadt Wien 2023
