Verein	Jahr	Betrag_EUR	Beschlussstatus	Anmerkungen
"""Vienna.ACTS"", Verein zur Förderung von Kunst"	2025	10000	Empfehlung mit Projektbezug — Status nicht dokumentiert	Empfehlung. Projekt: DE/SEMBLE - Festival for Jazz and Adventurous Music
AUGEND&ADDEND - Verein zur Förderung und Erweiterung transformativer\nKlangräume und queerer Clubkultur	2025	7000	Empfehlung mit Projektbezug — Status nicht dokumentiert	Empfehlung. Projekt: Assembled Affinity 2
AUGEND&ADDEND - Verein zur Förderung und Erweiterung transformativer\nKlangräume und queerer Clubkultur	2025	9500	Empfehlung mit Projektbezug — Status nicht dokumentiert	Empfehlung. Projekt: Assembled Affinity
Alexander Eberhard	2025	3500	Empfehlung mit Projektbezug — Status nicht dokumentiert	Projekt: Radiophonic memories
ExMachinisMusicae: Verein zur Förderung von transdisziplinärer, transkultureller\nund transmedialer Kunst	2025	1500	Empfehlung mit Projektbezug — Status nicht dokumentiert	Empfehlung. Projekt: Delphi
Floating Sound Gallery Vienna, Verein zur Förderung von Kunst und Kultur	2025	9000	Empfehlung ohne Förderzusage	Empfehlung. keine Förderzusage. Vereinstätigkeiten 2024
Kulturverein Free Music Forum mit dem Zusatz Forum für free Jazz & freie Improvisation	2025	20000	Empfehlung ohne Förderzusage	Empfehlung. keine Förderzusage. Veranstaltungsreihe liccht
MOOZAK - VEREIN FÜR EXPERIMENTELLE MUSIK	2025	5000	Empfehlung ohne Förderzusage	Empfehlung. keine Förderzusage. HYPERREALITY Festival
On the Couch - zur Förderung von Kunst und Kultur in der Gesellschaft	2025	7000	sin_clasificar	Empfehlung. Studiokonzerte 2025
PARKEN, Verein zur Förderung experimenteller Musik im öffentlichem Raum	2025	12000	Empfehlung — Status nicht dokumentiert	Empfehlung
Peer to Peer - Verein zur Förderung und Verbreitung experimenteller Musik, interdisziplinärer Kunstformate und Diskurs	2025	55000	Empfehlung ohne Förderzusage	Empfehlung. keine Förderzusage. Projekt: UNSAFE SOUNDS Festival. Mehrjahresförderung 2024-2025
RESONANCES+TRANSITIONS - VEREIN ZUR FÖRDERUNG UND VERBREITUNG INNOVATIVER KLÄNGE	2025	30000	Empfehlung ohne Förderzusage	Empfehlung. keine Förderzusage. Umbenennung von STRUMA+IODINE per Januar 2024. Mehrjahresförderung 2024-2025
SHIZZLE - Kunst- und Kulturverein	2025	20000	sin_clasificar	ausbezahlt: SHIZZLE JAHRESPROGRAMM / FESTIVAL HER NOISE x SOLAR PLACE x SUNSHINE HILLS. Einzelförderung/Gesamtförderung. Stand 06.11.2025
SUENA - Verein zur Förderung und Verbreitung neuer Musik	2025	10000	Empfehlung ohne Förderzusage	Empfehlung. keine Förderzusage
The Acousmatic Project - Verein zur Förderung Akusmatischer Musik	2025	15000	Empfehlung ohne Förderzusage	Empfehlung. keine Förderzusage. Made Up Realities
Verein für Kunstvermischung	2025	26000	sin_clasificar	Empfehlung. Der blöde dritte Mittwoch 2025
Verein für elektroakustische Musik;  Kurztitel VELAK	2025	6000	Empfehlung ohne Förderzusage	Empfehlung. keine Förderzusage. velak gala/export
Verein für experimentelle improvisierte Musik (VEIM)	2025	15000	Empfehlung ohne Förderzusage	Empfehlung. keine Förderzusage. Ton-netz-werk
liccht - kulturverein für nischenmusik und populärkultur	2025	13000	Empfehlung ohne Förderzusage	Empfehlung. keine Förderzusage
small forms - Verein zur Förderung und Verbreitung von zeitgenössischen Musikformen	2025	15000	Empfehlung ohne Förderzusage	Empfehlung. keine Förderzusage. Festival MUSIK NACH DER NATUR
Floating Sound Gallery Vienna, Verein zur Förderung von Kunst und Kultur	2026	8000	Empfehlung ohne Förderzusage	Empfehlung. keine Förderzusage. Klangmanifeste
Kulturverein Free Music Forum mit dem Zusatz Forum für free Jazz & freie Improvisation	2026	15000	Empfehlung ohne Förderzusage	Empfehlung. keine Förderzusage. Jahresprogramm
MOOZAK - VEREIN FÜR EXPERIMENTELLE MUSIK	2026	5000	Empfehlung ohne Förderzusage	Empfehlung. keine Förderzusage. Gesamtförderung
On the Couch - zur Förderung von Kunst und Kultur in der Gesellschaft	2026	7000	sin_clasificar	Empfehlung. Studiokonzerte 2026
PARKEN, Verein zur Förderung experimenteller Musik im öffentlichem Raum	2026	6000	Empfehlung — Status nicht dokumentiert	Empfehlung
Peer to Peer - Verein zur Förderung und Verbreitung experimenteller Musik, interdisziplinärer Kunstformate und Diskurs	2026	50000	Empfehlung ohne Förderzusage	Empfehlung. keine Förderzusage. Projekt: UNSAFE SOUNDS Festival. Mehrjahresförderung 2024-2025
RESONANCES+TRANSITIONS - VEREIN ZUR FÖRDERUNG UND VERBREITUNG INNOVATIVER KLÄNGE	2026	27500	Empfehlung ohne Förderzusage	Empfehlung. keine Förderzusage. Mehrjahresförderung 2024-2025
SUENA - Verein zur Förderung und Verbreitung neuer Musik	2026	10000	Empfehlung ohne Förderzusage	Empfehlung. keine Förderzusage
The Acousmatic Project - Verein zur Förderung Akusmatischer Musik	2026	10000	Empfehlung ohne Förderzusage	Empfehlung.  keine Förderzusage. Kanal 41.3
Verein für Kunstvermischung	2026	25000	sin_clasificar	Empfehlung. Der Blöde Dritte Mittwoch
Verein für elektroakustische Musik;  Kurztitel VELAK	2026	5000	Empfehlung ohne Förderzusage	Empfehlung. keine Förderzusage. Bezirksbudget 5. Konzertreihe
Verein für experimentelle improvisierte Musik (VEIM)	2026	15000	Empfehlung ohne Förderzusage	Empfehlung. keine Förderzusage. Unsafe+Sounds Festival
XOK - Interessensgemeinschaft der experimentellen Musik- und Klangkunstszene\nWiens	2026	12000	sin_clasificar	Empfehlung. Jahresfrühzeitschokoladenhohlkörper
liccht - kulturverein für nischenmusik und populärkultur	2026	12000	Empfehlung ohne Förderzusage	Empfehlung. keine Förderzusage
small forms - Verein zur Förderung und Verbreitung von zeitgenössischen Musikformen	2026	15000	Empfehlung ohne Förderzusage	Empfehlung. keine Förderzusage. PARKEN
