Programm	Jahr	Foerderung_gesamt_EUR	n_Vereine
20 Jahre JazzWerkstatt Wien 30.000 + Erhöhung 5.000	2024	35000	1
25 Jahre Jubiläumskonzert	2023	16000	1
25 Jahre Jubiläumskonzert	2025	8000	1
"ACOUSMONIUM | CIRCUIT FANTÔME
"	2023	9000	1
Akusmonautik	2022	15000	1
Akusmonautik	2024	8000	1
Alienation	2022	4000	1
Arnold Schönberg 150	2023	250000	1
Artwalk	2022	5000	1
Augend&Addend – Undoing the equation	2023	4000	1
BDMM | Beatnik Manifiesto Manifesto	2023	25000	1
Black Page Orchestra 	2022	12000	1
Black Page Orchestra Konzerte	2022	15000	1
Black Page Orchestra Konzerte	2023	20000	1
Black Page Orchestra Konzerte	2024	22000	1
CLUB RADIOKOJE	2022	5000	1
CLUB RADIOKOJE | SONIC CELL	2023	20000	1
Celeste Programm	2024	12000	1
Christoph Cech JazzOrchestra Project CC JOP	2022	35000	1
Christoph Cech JazzOrchestra Project CC JOP	2023	26000	1
Christoph Cech JazzOrchestra Project CC JOP	2024	27000	1
Christoph Cech JazzOrchestra Project CC JOP	2025	33000	1
Christoph Cech JazzOrchestra Project CC JOP	2026	59000	1
Circuit Fantôme	2022	3000	1
Club-Eventreihe Augend&Addend – Undoing the equation	2022	3500	1
DE/SEMBLE Festival	2024	15000	1
DISHES RRR	2022	20000	1
Das Hybrid Audio Diffusion System (HADS) als Werkzeug zur Entwicklung des Virtuellen Wiener Akusmonium	2022	16000	1
Der Blöde Dritte Mittwoch	2022	32000	1
Der Blöde Dritte Mittwoch	2023	13000	1
Der Blöde Dritte Mittwoch	2024	38650	1
Dishes	2023	15000	1
Dishes	2024	15000	1
EARDRUMS	2024	8000	1
"ECHOLOT – Veranstaltungsreihe – 1. Halbjahr | ECHOLOT – Veranstaltungsreihe – 2. Halbjahr
"	2022	30000	1
EMM an der Hohen Wand	2024	3500	1
EUROPAVOX, EU Projekt	2022	20000	1
EUROPAVOX, EU Projekt	2023	20000	1
EUROPAVOX, EU Projekt	2024	20000	1
EXPLORATIONS Part II	2022	14000	1
Equation Echo & the Transformative	2024	5000	1
Festival MUSIK NACH DER NATUR	2024	6000	1
Festival SUAL	2022	6000	1
Festival SUAL	2024	8000	1
Festival SUAL 2023	2023	8000	1
Festival for Jazz and Adventurous Music	2023	3000	1
Forum Kulturnetz Hernals 	2022	13000	1
Forum Kulturnetz Hernals 	2023	14000	1
Gesamtförderung 2023	2023	70000	1
HYPERREALITY	2022	8000	1
HYPERREALITY	2023	10000	1
House. Music. Europe	2022	13630	1
House. Music. Europe	2023	3500	1
ILLUSIONEN – Konzertreihe im 1. Halbjahr 2024 | RECURRENCES – Konzertreihe im 2. Halbjahr 2024	2024	8000	1
IMPROPER SESSIONS	2022	3000	1
Jahresendzeitschokoladenhohlkörper	2024	16000	1
Jahresendzeitschokoladenhohlkörper  | Multichannel Series – Konzertzyklus 2024	2022	23000	1
Jahresprogramm von MusicScapes	2024	13000	1
KEINPONNY	2024	2000	1
Kanal #41.2	2022	5000	1
Kanal 41.3	2024	4000	1
Klangmanifeste	2022	4800	1
Klangmanifeste	2024	5000	1
Klub Montage	2022	2500	1
Klub.Montage – Öffentliche Impro-Konzerte und transdisziplinäre Jam-Sessions	2023	5000	1
Kompositionsförderung	2022	2800	1
Kompositionsförderung	2023	7500	1
Konzert Veranstaltungsreihe ((liccht))	2023	20000	1
Konzerte im 1. Halbjahr 2022 | Konzerte im 2. Halbjahr 2022.	2022	26000	1
Konzerte im 1. Halbjahr 2023 | Konzerte im 2. Halbjahr 2023.	2023	15000	1
Konzerte mit zeitgenössischer Musik	2024	4000	1
Konzertreihe Free Music Forum	2022	15000	1
Konzertreihe Wiener Hausmusik	2023	8000	1
Konzerttätigkeiten und Musikprogramm FLUC und FLUC_WANNE, 1. Halbjahr 2022	2022	16000	1
Konzertveranstaltungen 2. Halbjahr 2022.	2022	8000	1
Konzertveranstaltungen 2. Halbjahr 2023	2023	8000	1
Konzertzyklus 2024	2024	6000	1
Konzertzyklus 3 Konzerte im REAKTOR	2022	5000	1
Konzertzyklus im REAKTOR	2023	5000	1
Künstlerisches Programm rhiz	2024	25000	1
Made Up Realities	2024	5000	1
Mehrjährige Gesamtförderung 2024–2025 (2024)	2024	100000	1
Monday Improvisers Session	2024	13000	1
Monday Improvisers Session.	2022	10000	1
Monday Improvisers Session.	2023	11000	1
Multichannel Series. OPEN JAZZ VIENNA - Sitz außerhalb Wien	2023	8000	1
Musikalische Momente in Wien 	2022	2000	1
NAWA FESTIVAL – music and film festival	2024	30000	1
NAWA Festival	2024	10000	1
NAWA music & film festival 2022	2022	3000	1
Neue Musik in St. Ruprecht	2022	6500	1
Neue Musik in St. Ruprecht	2023	19500	1
Neue Musik in St. Ruprecht	2024	8000	1
NoMaden des Seins in Wien	2023	3000	1
NoMaden des Seins in Wien	2024	3000	1
NoMaden des Seins in Wien	2025	2000	1
NowHere & NoWhere – Partituren Im Jetzt/Vienna Improvisers Orchestra	2023	24000	1
OPEN JAZZ VIENNA. 	2024	70000	1
OR IS IT MICROBIOLOGY?	2023	6000	1
On the Couch Studiokonzerte	2024	7000	1
PARKEN	2024	10000	1
PARKEN 2023	2023	10000	1
Palimpsests	2023	3500	1
Parken, Or Live in the Park.	2022	10000	1
Partizipatives Musikforschungslab und partizipative Interventionen-re:vision part II	2022	10000	1
Permanent Underground Festival 	2023	8000	1
Posthuman social club Vol. 3 – in the dark	2024	15000	1
Projekt: HYPERREALITY - Festival für Club Culture - Vienna	2022	75000	1
Projekt: HYPERREALITY - Festival für Club Culture - Vienna 2023	2023	85000	1
Projekt: HYPERREALITY - Festival für Club Culture - Vienna 2024	2024	100000	1
Projektförderung Christoph Cech Jazz Orchestra Project (CCJOP) / Stageband im Porgy & Bess	2023	9000	1
Projektreihe 	2022	21500	1
Projektreihe 2024	2024	4000	1
Projektreihe Nachhall im Frau*feld (Diskurs im echoraum)	2023	8000	1
Projektreihe Nachhall im Frau*feld (Diskurs im echoraum)	2024	8000	1
Projektreihe im Rahmen von Acousmatic Project	2022	22000	1
Reverberate	2023	16500	1
Reverberate	2024	2500	1
SALAM OIDA – Wir feiern (K)uns(t)!	2024	30000	1
SONIC CELL – Mobile Mehr-Kanal-Klangzelle zur Vermittlung elektronischer Musik	2022	5000	1
SOUNDSPACE - Die Musiksparte im Jahresprogramm von ECHOLOT	2024	8000	1
SUAL, Wien, Festival	2024	8000	1
SUENA FESTIVAL für zeitgenössische iberoamerikanische Musik	2023	8000	1
SUENA Festival	2024	10000	1
Salam Music & Arts Festival	2023	28000	1
Salam Music & Arts Festival	2024	35000	1
Salam Orient	2023	32000	1
Salam Orient 2022	2022	22000	1
Salon skug	2022	8000	1
Salon skug	2023	8000	1
Salon skug	2024	8000	1
Sandkasten Syndikat	2024	8000	1
Sommersaison | 10+25 Jahre celeste	2023	23000	1
Sonic Territories	2022	49000	1
Sonic Territories	2024	5000	1
Sonic Territories Festival	2023	22000	1
Sonic Territories | Intra-Action	2023	49000	1
Struma+Iodine	2022	26000	1
Struma+Iodine	2023	26000	1
Struma+Iodine	2024	30000	1
Suena Festival für zeitgenössische hispanische Musik	2022	6000	1
Synesthetic Wednesday	2022	5000	1
Synesthetic Wednesday	2023	4000	1
Synesthetic Wednesday	2024	8000	1
Synth Lab	2023	10000	1
TENDER MATTER Konzertreihe	2023	6000	1
TENDER MATTER Programm	2024	5000	1
Tender Matter Presents	2023	5000	1
Tender Matter, The Future Konzertreihe	2022	4000	1
The Dirt of Easter Island	2023	5000	1
This is our Dancefloor	2024	5000	1
This is our dancefloor! 2023	2023	5000	1
Tonspur für einen öffentlichen Raum | Tonspur passage	2022	10000	1
Tourneekostenzuschuss, Österreich und Kanada | Kompositionsförderung	2023	14000	1
Unsafe+Sounds Festival	2022	50000	1
Unsafe+Sounds Festival	2024	72000	1
Unsafe+Sounds Festival 2023	2023	64000	1
Unsafe+Sounds Festival: DISKURSPROGRAMM – „Politics of the dancefloor?“	2022	5000	1
V	2024	3000	1
VELAK Gala	2022	4500	1
VELAK Gala	2024	6500	1
VELAK Gala Konzertreihe	2023	5000	1
Veranstaltungsreihe	2022	10000	1
Veranstaltungsreihe	2024	8000	1
Veranstaltungsreihe rhiz 1 | Veranstaltungsreihe rhiz 2	2023	25000	1
"Veranstaltungsreihe | versatzstuecke. edition: TTTOXic Paradise
"	2022	22000	1
Veranstaltungsreihe „liccht“	2024	20000	1
Vereinsaktivitäten „Floating Sound Gallery Vienna“	2024	9000	1
Vienna Improvisers Orchestra	2022	20000	1
We The People	2022	20000	1
Welcome to the rhizosphere	2022	16000	1
Wiener Hausmusik	2022	10000	1
Wienkonzerte (Mühlbacher's USW. … Wege zur Vierten)	2024	8000	1
Young Lion*ess of Acousmatic Music | Projektreihe und Festival Acousmatic Projekt. Einzelförderung Projekte	2023	22000	1
ZONK!?!!	2022	20000	1
cercle – konzertreihe für neue musik	2022	8500	1
cercle – konzertreihe für neue musik	2023	8500	1
cercle – konzertreihe für neue musik	2024	8500	1
cercle – konzertreihe für neue musik	2025	8500	1
das WERK Wien	2022	21000	1
das WERK Wien: Stadtteilkultur	2023	16000	1
das kleine symposion und snim-Abend. Festival	2022	3000	1
nawa music & film Festival	2022	8000	1
nawa music & film festival 	2022	8000	1
"posthuman social club | when we play
"	2023	30000	1
punctum collective Saison	2023	8000	1
reVision part 3	2023	10000	1
sama recordings pres. s c h w e b e n	2023	4000	1
sama recordings pres. s c h w e b e n	2024	4000	1
sama recordings pres. s c h w e b e n 	2022	5000	1
skug Talks & Diskurs 	2022	5000	1
skug Talks & Diskurs 	2023	5000	1
skug Talks & Diskurs 	2024	5000	1
smallforms sessions	2022	15000	1
snImpro + snim feat. Dilate Ensemble	2023	4000	1
ton-netz-werk	2024	6000	1
